{
	"board_dy": 0.0937274614969889,
	"fence_dy": 0.113193953037262
}