{
	"board_dy": 0.0468637466430664,
	"fence_dy": 0.0533525586128235
}