{
	"board_dy": 0.06263891855875627,
	"fence_dy": 0.07273268302281657
}
