{
	"board_dy": 0.0678472518920896,
	"fence_dy": 0.0779410163561499
}