{
	"board_dy": 0.088680585225423,
	"fence_dy": 0.0987743496894833
}