{
	"board_dy": 0.0937274614969889,
	"fence_dy": 0.103100232283274
}